<?xml version="1.0" encoding="UTF-8" standalone="yes"?>
<addon id="plugin.video.pornhub" version="1.0.4" name="Porn Hub" provider-name="Blazetamer">
<requires>
<import addon="xbmc.python" version="1.0"/>
<import addon="script.module.urlresolver"	version="1.1.0"/>
</requires>
<extension point="xbmc.python.pluginsource" library="default.py">
<provides>video</provides>
</extension>
<extension point="xbmc.addon.metadata">
<summary> A large, organized database of Adult Videos.</summary>
<description> **ADULTS OVER 18 ONLY*** By installing this addon you agree that you are over the age of 18 and consent to recieving adult oriented material***Based on the Popular Adult Website PornHub.com</description>
<platform>all</platform>
</extension>
</addon>
