<?xml version="1.0" encoding="UTF-8" standalone="yes"?>
	<addon id="repository.MisterX" name="MisterX Repository" version="1.0.9" provider-name="MisterX">
		<extension point="xbmc.addon.repository" name="MisterX addon repository">
			<info compressed="false">http://github.com/MisterXx/MisterX/raw/master/addons.xml</info>
			<checksum>http://github.com/MisterXx/MisterX/raw/master/addons.xml.md5</checksum>
			<datadir zip="true">http://github.com/MisterXx/MisterX/raw/master/zips/</datadir>
		</extension>
		<extension point="xbmc.addon.metadata">
			<summary>MisterX Addon Repository</summary>
			<description>Addons developed by MisterX - Powered by XBMCHUB.COM</description>
			<platform>all</platform>
		</extension>
	</addon>
